timestamp,frame_index,label,combined_score,motion_area_ratio,flow_mean,reconstruction_error,human_count,zone_track_ids,reason,image_path,included_anomaly_examples
2026-06-11T01:04:12,1139,ANOMALY,1.175926,0.004661,0.000808,0.18376531,1,5,person stayed in alert zone: track_id=5,/Users/justindwinata/Documents/CCTV ANOMALY DETECT/hybrid_outputs/anomaly_frames/anomaly_frame_001139_20260611_010412_259906.jpg,vandalism / perusakan fasilitas | abusive or violent behavior / perkelahian | theft / pencurian | restricted-area entry / masuk area terlarang | abandoned or unusual object / benda tertinggal atau asing | sudden abnormal movement / gerakan tidak wajar
2026-06-11T01:04:12,1140,ANOMALY,1.179860,0.005269,0.016453,0.18377331,1,5,person stayed in alert zone: track_id=5,/Users/justindwinata/Documents/CCTV ANOMALY DETECT/hybrid_outputs/anomaly_frames/anomaly_frame_001140_20260611_010412_321568.jpg,vandalism / perusakan fasilitas | abusive or violent behavior / perkelahian | theft / pencurian | restricted-area entry / masuk area terlarang | abandoned or unusual object / benda tertinggal atau asing | sudden abnormal movement / gerakan tidak wajar
2026-06-11T01:04:12,1141,ANOMALY,1.173219,0.004106,0.011429,0.18373960,1,5,person stayed in alert zone: track_id=5,/Users/justindwinata/Documents/CCTV ANOMALY DETECT/hybrid_outputs/anomaly_frames/anomaly_frame_001141_20260611_010412_377490.jpg,vandalism / perusakan fasilitas | abusive or violent behavior / perkelahian | theft / pencurian | restricted-area entry / masuk area terlarang | abandoned or unusual object / benda tertinggal atau asing | sudden abnormal movement / gerakan tidak wajar
2026-06-11T01:04:12,1142,ANOMALY,1.173935,0.004227,0.012582,0.18377034,1,5,person stayed in alert zone: track_id=5,/Users/justindwinata/Documents/CCTV ANOMALY DETECT/hybrid_outputs/anomaly_frames/anomaly_frame_001142_20260611_010412_425406.jpg,vandalism / perusakan fasilitas | abusive or violent behavior / perkelahian | theft / pencurian | restricted-area entry / masuk area terlarang | abandoned or unusual object / benda tertinggal atau asing | sudden abnormal movement / gerakan tidak wajar
2026-06-11T01:04:12,1143,ANOMALY,1.173081,0.004071,0.012967,0.18378802,1,5,person stayed in alert zone: track_id=5,/Users/justindwinata/Documents/CCTV ANOMALY DETECT/hybrid_outputs/anomaly_frames/anomaly_frame_001143_20260611_010412_470316.jpg,vandalism / perusakan fasilitas | abusive or violent behavior / perkelahian | theft / pencurian | restricted-area entry / masuk area terlarang | abandoned or unusual object / benda tertinggal atau asing | sudden abnormal movement / gerakan tidak wajar
2026-06-11T01:04:12,1144,ANOMALY,1.171555,0.003811,0.010766,0.18383670,1,5,person stayed in alert zone: track_id=5,/Users/justindwinata/Documents/CCTV ANOMALY DETECT/hybrid_outputs/anomaly_frames/anomaly_frame_001144_20260611_010412_514749.jpg,vandalism / perusakan fasilitas | abusive or violent behavior / perkelahian | theft / pencurian | restricted-area entry / masuk area terlarang | abandoned or unusual object / benda tertinggal atau asing | sudden abnormal movement / gerakan tidak wajar
2026-06-11T01:04:12,1145,ANOMALY,1.171047,0.003785,0.000577,0.18384071,1,5,person stayed in alert zone: track_id=5,/Users/justindwinata/Documents/CCTV ANOMALY DETECT/hybrid_outputs/anomaly_frames/anomaly_frame_001145_20260611_010412_571955.jpg,vandalism / perusakan fasilitas | abusive or violent behavior / perkelahian | theft / pencurian | restricted-area entry / masuk area terlarang | abandoned or unusual object / benda tertinggal atau asing | sudden abnormal movement / gerakan tidak wajar
2026-06-11T01:04:12,1146,ANOMALY,1.167607,0.003090,0.012289,0.18384081,1,5,person stayed in alert zone: track_id=5,/Users/justindwinata/Documents/CCTV ANOMALY DETECT/hybrid_outputs/anomaly_frames/anomaly_frame_001146_20260611_010412_626513.jpg,vandalism / perusakan fasilitas | abusive or violent behavior / perkelahian | theft / pencurian | restricted-area entry / masuk area terlarang | abandoned or unusual object / benda tertinggal atau asing | sudden abnormal movement / gerakan tidak wajar
2026-06-11T01:04:12,1147,ANOMALY,1.167547,0.003030,0.020057,0.18381569,1,5,person stayed in alert zone: track_id=5,/Users/justindwinata/Documents/CCTV ANOMALY DETECT/hybrid_outputs/anomaly_frames/anomaly_frame_001147_20260611_010412_684425.jpg,vandalism / perusakan fasilitas | abusive or violent behavior / perkelahian | theft / pencurian | restricted-area entry / masuk area terlarang | abandoned or unusual object / benda tertinggal atau asing | sudden abnormal movement / gerakan tidak wajar
2026-06-11T01:04:12,1148,ANOMALY,1.167588,0.003030,0.021193,0.18368408,1,5,person stayed in alert zone: track_id=5,/Users/justindwinata/Documents/CCTV ANOMALY DETECT/hybrid_outputs/anomaly_frames/anomaly_frame_001148_20260611_010412_741193.jpg,vandalism / perusakan fasilitas | abusive or violent behavior / perkelahian | theft / pencurian | restricted-area entry / masuk area terlarang | abandoned or unusual object / benda tertinggal atau asing | sudden abnormal movement / gerakan tidak wajar
2026-06-11T01:04:12,1149,ANOMALY,1.165837,0.002769,0.012678,0.18361919,1,5,person stayed in alert zone: track_id=5,/Users/justindwinata/Documents/CCTV ANOMALY DETECT/hybrid_outputs/anomaly_frames/anomaly_frame_001149_20260611_010412_797150.jpg,vandalism / perusakan fasilitas | abusive or violent behavior / perkelahian | theft / pencurian | restricted-area entry / masuk area terlarang | abandoned or unusual object / benda tertinggal atau asing | sudden abnormal movement / gerakan tidak wajar
2026-06-11T01:04:12,1150,ANOMALY,1.166365,0.002882,0.009928,0.18362880,1,5,person stayed in alert zone: track_id=5,/Users/justindwinata/Documents/CCTV ANOMALY DETECT/hybrid_outputs/anomaly_frames/anomaly_frame_001150_20260611_010412_853814.jpg,vandalism / perusakan fasilitas | abusive or violent behavior / perkelahian | theft / pencurian | restricted-area entry / masuk area terlarang | abandoned or unusual object / benda tertinggal atau asing | sudden abnormal movement / gerakan tidak wajar
2026-06-11T01:04:12,1151,ANOMALY,1.164727,0.002648,0.000506,0.18362918,1,5,person stayed in alert zone: track_id=5,/Users/justindwinata/Documents/CCTV ANOMALY DETECT/hybrid_outputs/anomaly_frames/anomaly_frame_001151_20260611_010412_909822.jpg,vandalism / perusakan fasilitas | abusive or violent behavior / perkelahian | theft / pencurian | restricted-area entry / masuk area terlarang | abandoned or unusual object / benda tertinggal atau asing | sudden abnormal movement / gerakan tidak wajar
2026-06-11T01:04:12,1152,ANOMALY,1.167542,0.003090,0.010454,0.18363197,1,5,person stayed in alert zone: track_id=5,/Users/justindwinata/Documents/CCTV ANOMALY DETECT/hybrid_outputs/anomaly_frames/anomaly_frame_001152_20260611_010412_965765.jpg,vandalism / perusakan fasilitas | abusive or violent behavior / perkelahian | theft / pencurian | restricted-area entry / masuk area terlarang | abandoned or unusual object / benda tertinggal atau asing | sudden abnormal movement / gerakan tidak wajar
2026-06-11T01:04:13,1153,ANOMALY,1.172834,0.003455,0.101924,0.18359989,1,5,person stayed in alert zone: track_id=5,/Users/justindwinata/Documents/CCTV ANOMALY DETECT/hybrid_outputs/anomaly_frames/anomaly_frame_001153_20260611_010413_022245.jpg,vandalism / perusakan fasilitas | abusive or violent behavior / perkelahian | theft / pencurian | restricted-area entry / masuk area terlarang | abandoned or unusual object / benda tertinggal atau asing | sudden abnormal movement / gerakan tidak wajar
2026-06-11T01:04:13,1154,ANOMALY,1.167819,0.003090,0.018228,0.18363464,1,5,person stayed in alert zone: track_id=5,/Users/justindwinata/Documents/CCTV ANOMALY DETECT/hybrid_outputs/anomaly_frames/anomaly_frame_001154_20260611_010413_078925.jpg,vandalism / perusakan fasilitas | abusive or violent behavior / perkelahian | theft / pencurian | restricted-area entry / masuk area terlarang | abandoned or unusual object / benda tertinggal atau asing | sudden abnormal movement / gerakan tidak wajar
2026-06-11T01:04:13,1155,ANOMALY,1.171726,0.003828,0.012837,0.18369687,1,5,person stayed in alert zone: track_id=5,/Users/justindwinata/Documents/CCTV ANOMALY DETECT/hybrid_outputs/anomaly_frames/anomaly_frame_001155_20260611_010413_136363.jpg,vandalism / perusakan fasilitas | abusive or violent behavior / perkelahian | theft / pencurian | restricted-area entry / masuk area terlarang | abandoned or unusual object / benda tertinggal atau asing | sudden abnormal movement / gerakan tidak wajar
2026-06-11T01:04:13,1156,ANOMALY,1.172286,0.003906,0.016378,0.18370453,1,5,person stayed in alert zone: track_id=5,/Users/justindwinata/Documents/CCTV ANOMALY DETECT/hybrid_outputs/anomaly_frames/anomaly_frame_001156_20260611_010413_192656.jpg,vandalism / perusakan fasilitas | abusive or violent behavior / perkelahian | theft / pencurian | restricted-area entry / masuk area terlarang | abandoned or unusual object / benda tertinggal atau asing | sudden abnormal movement / gerakan tidak wajar
2026-06-11T01:04:13,1157,ANOMALY,1.171198,0.003811,0.000758,0.18370610,1,5,person stayed in alert zone: track_id=5,/Users/justindwinata/Documents/CCTV ANOMALY DETECT/hybrid_outputs/anomaly_frames/anomaly_frame_001157_20260611_010413_237018.jpg,vandalism / perusakan fasilitas | abusive or violent behavior / perkelahian | theft / pencurian | restricted-area entry / masuk area terlarang | abandoned or unusual object / benda tertinggal atau asing | sudden abnormal movement / gerakan tidak wajar
2026-06-11T01:04:13,1158,ANOMALY,1.171846,0.003811,0.018903,0.18369481,1,5,person stayed in alert zone: track_id=5,/Users/justindwinata/Documents/CCTV ANOMALY DETECT/hybrid_outputs/anomaly_frames/anomaly_frame_001158_20260611_010413_281697.jpg,vandalism / perusakan fasilitas | abusive or violent behavior / perkelahian | theft / pencurian | restricted-area entry / masuk area terlarang | abandoned or unusual object / benda tertinggal atau asing | sudden abnormal movement / gerakan tidak wajar
2026-06-11T01:04:13,1159,ANOMALY,1.172799,0.004002,0.015887,0.18371132,1,5,person stayed in alert zone: track_id=5,/Users/justindwinata/Documents/CCTV ANOMALY DETECT/hybrid_outputs/anomaly_frames/anomaly_frame_001159_20260611_010413_326323.jpg,vandalism / perusakan fasilitas | abusive or violent behavior / perkelahian | theft / pencurian | restricted-area entry / masuk area terlarang | abandoned or unusual object / benda tertinggal atau asing | sudden abnormal movement / gerakan tidak wajar
2026-06-11T01:04:13,1160,ANOMALY,1.174008,0.004210,0.017324,0.18370774,1,5,person stayed in alert zone: track_id=5,/Users/justindwinata/Documents/CCTV ANOMALY DETECT/hybrid_outputs/anomaly_frames/anomaly_frame_001160_20260611_010413_383282.jpg,vandalism / perusakan fasilitas | abusive or violent behavior / perkelahian | theft / pencurian | restricted-area entry / masuk area terlarang | abandoned or unusual object / benda tertinggal atau asing | sudden abnormal movement / gerakan tidak wajar
2026-06-11T01:04:13,1161,ANOMALY,1.174001,0.004193,0.019839,0.18377621,1,5,person stayed in alert zone: track_id=5,/Users/justindwinata/Documents/CCTV ANOMALY DETECT/hybrid_outputs/anomaly_frames/anomaly_frame_001161_20260611_010413_428064.jpg,vandalism / perusakan fasilitas | abusive or violent behavior / perkelahian | theft / pencurian | restricted-area entry / masuk area terlarang | abandoned or unusual object / benda tertinggal atau asing | sudden abnormal movement / gerakan tidak wajar
2026-06-11T01:04:13,1162,ANOMALY,1.173020,0.004019,0.019358,0.18382691,1,5,person stayed in alert zone: track_id=5,/Users/justindwinata/Documents/CCTV ANOMALY DETECT/hybrid_outputs/anomaly_frames/anomaly_frame_001162_20260611_010413_472635.jpg,vandalism / perusakan fasilitas | abusive or violent behavior / perkelahian | theft / pencurian | restricted-area entry / masuk area terlarang | abandoned or unusual object / benda tertinggal atau asing | sudden abnormal movement / gerakan tidak wajar
2026-06-11T01:04:13,1163,ANOMALY,1.172015,0.003958,0.000692,0.18382645,1,5,person stayed in alert zone: track_id=5,/Users/justindwinata/Documents/CCTV ANOMALY DETECT/hybrid_outputs/anomaly_frames/anomaly_frame_001163_20260611_010413_517031.jpg,vandalism / perusakan fasilitas | abusive or violent behavior / perkelahian | theft / pencurian | restricted-area entry / masuk area terlarang | abandoned or unusual object / benda tertinggal atau asing | sudden abnormal movement / gerakan tidak wajar
2026-06-11T01:04:13,1164,ANOMALY,1.174980,0.004340,0.024283,0.18383434,1,5,person stayed in alert zone: track_id=5,/Users/justindwinata/Documents/CCTV ANOMALY DETECT/hybrid_outputs/anomaly_frames/anomaly_frame_001164_20260611_010413_562787.jpg,vandalism / perusakan fasilitas | abusive or violent behavior / perkelahian | theft / pencurian | restricted-area entry / masuk area terlarang | abandoned or unusual object / benda tertinggal atau asing | sudden abnormal movement / gerakan tidak wajar
2026-06-11T01:04:13,1165,ANOMALY,1.176144,0.004557,0.023109,0.18382344,1,5,person stayed in alert zone: track_id=5,/Users/justindwinata/Documents/CCTV ANOMALY DETECT/hybrid_outputs/anomaly_frames/anomaly_frame_001165_20260611_010413_619239.jpg,vandalism / perusakan fasilitas | abusive or violent behavior / perkelahian | theft / pencurian | restricted-area entry / masuk area terlarang | abandoned or unusual object / benda tertinggal atau asing | sudden abnormal movement / gerakan tidak wajar
2026-06-11T01:04:13,1166,ANOMALY,1.174438,0.004262,0.021252,0.18377025,1,5,person stayed in alert zone: track_id=5,/Users/justindwinata/Documents/CCTV ANOMALY DETECT/hybrid_outputs/anomaly_frames/anomaly_frame_001166_20260611_010413_676574.jpg,vandalism / perusakan fasilitas | abusive or violent behavior / perkelahian | theft / pencurian | restricted-area entry / masuk area terlarang | abandoned or unusual object / benda tertinggal atau asing | sudden abnormal movement / gerakan tidak wajar
2026-06-11T01:04:13,1167,ANOMALY,1.178062,0.004905,0.022820,0.18371212,1,5,person stayed in alert zone: track_id=5,/Users/justindwinata/Documents/CCTV ANOMALY DETECT/hybrid_outputs/anomaly_frames/anomaly_frame_001167_20260611_010413_738183.jpg,vandalism / perusakan fasilitas | abusive or violent behavior / perkelahian | theft / pencurian | restricted-area entry / masuk area terlarang | abandoned or unusual object / benda tertinggal atau asing | sudden abnormal movement / gerakan tidak wajar
2026-06-11T01:04:13,1168,ANOMALY,1.179386,0.005156,0.020729,0.18374443,1,5,person stayed in alert zone: track_id=5,/Users/justindwinata/Documents/CCTV ANOMALY DETECT/hybrid_outputs/anomaly_frames/anomaly_frame_001168_20260611_010413_795142.jpg,vandalism / perusakan fasilitas | abusive or violent behavior / perkelahian | theft / pencurian | restricted-area entry / masuk area terlarang | abandoned or unusual object / benda tertinggal atau asing | sudden abnormal movement / gerakan tidak wajar
2026-06-11T01:04:13,1169,ANOMALY,1.178435,0.005113,0.000859,0.18374895,1,5,person stayed in alert zone: track_id=5,/Users/justindwinata/Documents/CCTV ANOMALY DETECT/hybrid_outputs/anomaly_frames/anomaly_frame_001169_20260611_010413_850812.jpg,vandalism / perusakan fasilitas | abusive or violent behavior / perkelahian | theft / pencurian | restricted-area entry / masuk area terlarang | abandoned or unusual object / benda tertinggal atau asing | sudden abnormal movement / gerakan tidak wajar
2026-06-11T01:04:13,1170,ANOMALY,1.180084,0.005295,0.018661,0.18370867,1,5,person stayed in alert zone: track_id=5,/Users/justindwinata/Documents/CCTV ANOMALY DETECT/hybrid_outputs/anomaly_frames/anomaly_frame_001170_20260611_010413_907758.jpg,vandalism / perusakan fasilitas | abusive or violent behavior / perkelahian | theft / pencurian | restricted-area entry / masuk area terlarang | abandoned or unusual object / benda tertinggal atau asing | sudden abnormal movement / gerakan tidak wajar
2026-06-11T01:04:13,1171,ANOMALY,1.180097,0.005295,0.019042,0.18375096,1,5,person stayed in alert zone: track_id=5,/Users/justindwinata/Documents/CCTV ANOMALY DETECT/hybrid_outputs/anomaly_frames/anomaly_frame_001171_20260611_010413_965378.jpg,vandalism / perusakan fasilitas | abusive or violent behavior / perkelahian | theft / pencurian | restricted-area entry / masuk area terlarang | abandoned or unusual object / benda tertinggal atau asing | sudden abnormal movement / gerakan tidak wajar
2026-06-11T01:04:14,1172,ANOMALY,1.181383,0.005469,0.028035,0.18377252,1,5,person stayed in alert zone: track_id=5,/Users/justindwinata/Documents/CCTV ANOMALY DETECT/hybrid_outputs/anomaly_frames/anomaly_frame_001172_20260611_010414_020837.jpg,vandalism / perusakan fasilitas | abusive or violent behavior / perkelahian | theft / pencurian | restricted-area entry / masuk area terlarang | abandoned or unusual object / benda tertinggal atau asing | sudden abnormal movement / gerakan tidak wajar
2026-06-11T01:04:14,1173,ANOMALY,1.180878,0.005460,0.015252,0.18380237,1,5,person stayed in alert zone: track_id=5,/Users/justindwinata/Documents/CCTV ANOMALY DETECT/hybrid_outputs/anomaly_frames/anomaly_frame_001173_20260611_010414_076911.jpg,vandalism / perusakan fasilitas | abusive or violent behavior / perkelahian | theft / pencurian | restricted-area entry / masuk area terlarang | abandoned or unusual object / benda tertinggal atau asing | sudden abnormal movement / gerakan tidak wajar
2026-06-11T01:04:14,1174,ANOMALY,1.180497,0.005365,0.019423,0.18383938,1,5,person stayed in alert zone: track_id=5,/Users/justindwinata/Documents/CCTV ANOMALY DETECT/hybrid_outputs/anomaly_frames/anomaly_frame_001174_20260611_010414_132269.jpg,vandalism / perusakan fasilitas | abusive or violent behavior / perkelahian | theft / pencurian | restricted-area entry / masuk area terlarang | abandoned or unusual object / benda tertinggal atau asing | sudden abnormal movement / gerakan tidak wajar
2026-06-11T01:04:14,1175,ANOMALY,1.179841,0.005365,0.001048,0.18383636,1,5,person stayed in alert zone: track_id=5,/Users/justindwinata/Documents/CCTV ANOMALY DETECT/hybrid_outputs/anomaly_frames/anomaly_frame_001175_20260611_010414_188578.jpg,vandalism / perusakan fasilitas | abusive or violent behavior / perkelahian | theft / pencurian | restricted-area entry / masuk area terlarang | abandoned or unusual object / benda tertinggal atau asing | sudden abnormal movement / gerakan tidak wajar
2026-06-11T01:04:14,1176,ANOMALY,1.181995,0.005642,0.018166,0.18384184,1,5,person stayed in alert zone: track_id=5,/Users/justindwinata/Documents/CCTV ANOMALY DETECT/hybrid_outputs/anomaly_frames/anomaly_frame_001176_20260611_010414_244609.jpg,vandalism / perusakan fasilitas | abusive or violent behavior / perkelahian | theft / pencurian | restricted-area entry / masuk area terlarang | abandoned or unusual object / benda tertinggal atau asing | sudden abnormal movement / gerakan tidak wajar
2026-06-11T01:04:14,1177,ANOMALY,1.181297,0.005512,0.018874,0.18383768,1,5,person stayed in alert zone: track_id=5,/Users/justindwinata/Documents/CCTV ANOMALY DETECT/hybrid_outputs/anomaly_frames/anomaly_frame_001177_20260611_010414_300903.jpg,vandalism / perusakan fasilitas | abusive or violent behavior / perkelahian | theft / pencurian | restricted-area entry / masuk area terlarang | abandoned or unusual object / benda tertinggal atau asing | sudden abnormal movement / gerakan tidak wajar
2026-06-11T01:04:14,1178,ANOMALY,1.180432,0.005347,0.020311,0.18384159,1,5,person stayed in alert zone: track_id=5,/Users/justindwinata/Documents/CCTV ANOMALY DETECT/hybrid_outputs/anomaly_frames/anomaly_frame_001178_20260611_010414_358748.jpg,vandalism / perusakan fasilitas | abusive or violent behavior / perkelahian | theft / pencurian | restricted-area entry / masuk area terlarang | abandoned or unusual object / benda tertinggal atau asing | sudden abnormal movement / gerakan tidak wajar
2026-06-11T01:04:14,1179,ANOMALY,1.180952,0.005451,0.018650,0.18388131,1,5,person stayed in alert zone: track_id=5,/Users/justindwinata/Documents/CCTV ANOMALY DETECT/hybrid_outputs/anomaly_frames/anomaly_frame_001179_20260611_010414_415229.jpg,vandalism / perusakan fasilitas | abusive or violent behavior / perkelahian | theft / pencurian | restricted-area entry / masuk area terlarang | abandoned or unusual object / benda tertinggal atau asing | sudden abnormal movement / gerakan tidak wajar
2026-06-11T01:04:14,1180,ANOMALY,1.181226,0.005503,0.018219,0.18383744,1,5,person stayed in alert zone: track_id=5,/Users/justindwinata/Documents/CCTV ANOMALY DETECT/hybrid_outputs/anomaly_frames/anomaly_frame_001180_20260611_010414_470518.jpg,vandalism / perusakan fasilitas | abusive or violent behavior / perkelahian | theft / pencurian | restricted-area entry / masuk area terlarang | abandoned or unusual object / benda tertinggal atau asing | sudden abnormal movement / gerakan tidak wajar
2026-06-11T01:04:14,1181,ANOMALY,1.180083,0.005408,0.001084,0.18383533,1,5,person stayed in alert zone: track_id=5,/Users/justindwinata/Documents/CCTV ANOMALY DETECT/hybrid_outputs/anomaly_frames/anomaly_frame_001181_20260611_010414_527836.jpg,vandalism / perusakan fasilitas | abusive or violent behavior / perkelahian | theft / pencurian | restricted-area entry / masuk area terlarang | abandoned or unusual object / benda tertinggal atau asing | sudden abnormal movement / gerakan tidak wajar
2026-06-11T01:04:14,1182,ANOMALY,1.179663,0.005226,0.017666,0.18383171,1,5,person stayed in alert zone: track_id=5,/Users/justindwinata/Documents/CCTV ANOMALY DETECT/hybrid_outputs/anomaly_frames/anomaly_frame_001182_20260611_010414_584205.jpg,vandalism / perusakan fasilitas | abusive or violent behavior / perkelahian | theft / pencurian | restricted-area entry / masuk area terlarang | abandoned or unusual object / benda tertinggal atau asing | sudden abnormal movement / gerakan tidak wajar
2026-06-11T01:04:14,1183,ANOMALY,1.179488,0.005174,0.020883,0.18380794,1,5,person stayed in alert zone: track_id=5,/Users/justindwinata/Documents/CCTV ANOMALY DETECT/hybrid_outputs/anomaly_frames/anomaly_frame_001183_20260611_010414_640447.jpg,vandalism / perusakan fasilitas | abusive or violent behavior / perkelahian | theft / pencurian | restricted-area entry / masuk area terlarang | abandoned or unusual object / benda tertinggal atau asing | sudden abnormal movement / gerakan tidak wajar
2026-06-11T01:04:14,1184,ANOMALY,1.177341,0.004792,0.020165,0.18376757,1,5,person stayed in alert zone: track_id=5,/Users/justindwinata/Documents/CCTV ANOMALY DETECT/hybrid_outputs/anomaly_frames/anomaly_frame_001184_20260611_010414_698198.jpg,vandalism / perusakan fasilitas | abusive or violent behavior / perkelahian | theft / pencurian | restricted-area entry / masuk area terlarang | abandoned or unusual object / benda tertinggal atau asing | sudden abnormal movement / gerakan tidak wajar
2026-06-11T01:04:14,1185,ANOMALY,1.027894,0.004870,0.023513,0.18373851,0,,normal,/Users/justindwinata/Documents/CCTV ANOMALY DETECT/hybrid_outputs/anomaly_frames/anomaly_frame_001185_20260611_010414_754183.jpg,vandalism / perusakan fasilitas | abusive or violent behavior / perkelahian | theft / pencurian | restricted-area entry / masuk area terlarang | abandoned or unusual object / benda tertinggal atau asing | sudden abnormal movement / gerakan tidak wajar
2026-06-11T01:04:14,1186,ANOMALY,1.028987,0.005052,0.025760,0.18372479,0,,normal,/Users/justindwinata/Documents/CCTV ANOMALY DETECT/hybrid_outputs/anomaly_frames/anomaly_frame_001186_20260611_010414_810555.jpg,vandalism / perusakan fasilitas | abusive or violent behavior / perkelahian | theft / pencurian | restricted-area entry / masuk area terlarang | abandoned or unusual object / benda tertinggal atau asing | sudden abnormal movement / gerakan tidak wajar
2026-06-11T01:04:14,1187,ANOMALY,1.027730,0.004983,0.001361,0.18372577,0,,normal,/Users/justindwinata/Documents/CCTV ANOMALY DETECT/hybrid_outputs/anomaly_frames/anomaly_frame_001187_20260611_010414_866342.jpg,vandalism / perusakan fasilitas | abusive or violent behavior / perkelahian | theft / pencurian | restricted-area entry / masuk area terlarang | abandoned or unusual object / benda tertinggal atau asing | sudden abnormal movement / gerakan tidak wajar
2026-06-11T01:04:14,1188,ANOMALY,1.029443,0.005182,0.018283,0.18373756,0,,normal,/Users/justindwinata/Documents/CCTV ANOMALY DETECT/hybrid_outputs/anomaly_frames/anomaly_frame_001188_20260611_010414_922605.jpg,vandalism / perusakan fasilitas | abusive or violent behavior / perkelahian | theft / pencurian | restricted-area entry / masuk area terlarang | abandoned or unusual object / benda tertinggal atau asing | sudden abnormal movement / gerakan tidak wajar
2026-06-11T01:04:14,1189,ANOMALY,1.029989,0.005191,0.032210,0.18374138,0,,normal,/Users/justindwinata/Documents/CCTV ANOMALY DETECT/hybrid_outputs/anomaly_frames/anomaly_frame_001189_20260611_010414_978579.jpg,vandalism / perusakan fasilitas | abusive or violent behavior / perkelahian | theft / pencurian | restricted-area entry / masuk area terlarang | abandoned or unusual object / benda tertinggal atau asing | sudden abnormal movement / gerakan tidak wajar
2026-06-11T01:04:15,1190,ANOMALY,1.030708,0.005382,0.022628,0.18376116,0,,normal,/Users/justindwinata/Documents/CCTV ANOMALY DETECT/hybrid_outputs/anomaly_frames/anomaly_frame_001190_20260611_010415_035535.jpg,vandalism / perusakan fasilitas | abusive or violent behavior / perkelahian | theft / pencurian | restricted-area entry / masuk area terlarang | abandoned or unusual object / benda tertinggal atau asing | sudden abnormal movement / gerakan tidak wajar
2026-06-11T01:04:15,1191,ANOMALY,1.031188,0.005408,0.032034,0.18375266,0,,normal,/Users/justindwinata/Documents/CCTV ANOMALY DETECT/hybrid_outputs/anomaly_frames/anomaly_frame_001191_20260611_010415_091317.jpg,vandalism / perusakan fasilitas | abusive or violent behavior / perkelahian | theft / pencurian | restricted-area entry / masuk area terlarang | abandoned or unusual object / benda tertinggal atau asing | sudden abnormal movement / gerakan tidak wajar
2026-06-11T01:04:15,1192,ANOMALY,1.030662,0.005399,0.018633,0.18377098,0,,normal,/Users/justindwinata/Documents/CCTV ANOMALY DETECT/hybrid_outputs/anomaly_frames/anomaly_frame_001192_20260611_010415_146763.jpg,vandalism / perusakan fasilitas | abusive or violent behavior / perkelahian | theft / pencurian | restricted-area entry / masuk area terlarang | abandoned or unusual object / benda tertinggal atau asing | sudden abnormal movement / gerakan tidak wajar
2026-06-11T01:04:15,1193,ANOMALY,1.030030,0.005399,0.000957,0.18377633,0,,normal,/Users/justindwinata/Documents/CCTV ANOMALY DETECT/hybrid_outputs/anomaly_frames/anomaly_frame_001193_20260611_010415_202327.jpg,vandalism / perusakan fasilitas | abusive or violent behavior / perkelahian | theft / pencurian | restricted-area entry / masuk area terlarang | abandoned or unusual object / benda tertinggal atau asing | sudden abnormal movement / gerakan tidak wajar
2026-06-11T02:45:56,1139,ANOMALY,0.257046,0.004661,0.000808,,1,5,person stayed in alert zone: track_id=5,/Users/justindwinata/Documents/CCTV ANOMALY DETECT/hybrid_outputs/anomaly_frames/anomaly_frame_001139_20260611_024555_995657.jpg,vandalism / perusakan fasilitas | abusive or violent behavior / perkelahian | theft / pencurian | restricted-area entry / masuk area terlarang | abandoned or unusual object / benda tertinggal atau asing | sudden abnormal movement / gerakan tidak wajar
2026-06-11T02:45:56,1140,ANOMALY,0.265869,0.005269,0.016453,,1,5,person stayed in alert zone: track_id=5,/Users/justindwinata/Documents/CCTV ANOMALY DETECT/hybrid_outputs/anomaly_frames/anomaly_frame_001140_20260611_024556_054580.jpg,vandalism / perusakan fasilitas | abusive or violent behavior / perkelahian | theft / pencurian | restricted-area entry / masuk area terlarang | abandoned or unusual object / benda tertinggal atau asing | sudden abnormal movement / gerakan tidak wajar
2026-06-11T02:45:56,1141,ANOMALY,0.251204,0.004106,0.011429,,1,5,person stayed in alert zone: track_id=5,/Users/justindwinata/Documents/CCTV ANOMALY DETECT/hybrid_outputs/anomaly_frames/anomaly_frame_001141_20260611_024556_106663.jpg,vandalism / perusakan fasilitas | abusive or violent behavior / perkelahian | theft / pencurian | restricted-area entry / masuk area terlarang | abandoned or unusual object / benda tertinggal atau asing | sudden abnormal movement / gerakan tidak wajar
2026-06-11T02:45:56,1142,ANOMALY,0.252792,0.004227,0.012582,,1,5,person stayed in alert zone: track_id=5,/Users/justindwinata/Documents/CCTV ANOMALY DETECT/hybrid_outputs/anomaly_frames/anomaly_frame_001142_20260611_024556_148125.jpg,vandalism / perusakan fasilitas | abusive or violent behavior / perkelahian | theft / pencurian | restricted-area entry / masuk area terlarang | abandoned or unusual object / benda tertinggal atau asing | sudden abnormal movement / gerakan tidak wajar
2026-06-11T02:45:56,1143,ANOMALY,0.250917,0.004071,0.012967,,1,5,person stayed in alert zone: track_id=5,/Users/justindwinata/Documents/CCTV ANOMALY DETECT/hybrid_outputs/anomaly_frames/anomaly_frame_001143_20260611_024556_188986.jpg,vandalism / perusakan fasilitas | abusive or violent behavior / perkelahian | theft / pencurian | restricted-area entry / masuk area terlarang | abandoned or unusual object / benda tertinggal atau asing | sudden abnormal movement / gerakan tidak wajar
2026-06-11T02:45:56,1144,ANOMALY,0.247537,0.003811,0.010766,,1,5,person stayed in alert zone: track_id=5,/Users/justindwinata/Documents/CCTV ANOMALY DETECT/hybrid_outputs/anomaly_frames/anomaly_frame_001144_20260611_024556_228440.jpg,vandalism / perusakan fasilitas | abusive or violent behavior / perkelahian | theft / pencurian | restricted-area entry / masuk area terlarang | abandoned or unusual object / benda tertinggal atau asing | sudden abnormal movement / gerakan tidak wajar
2026-06-11T02:45:56,1145,ANOMALY,0.246309,0.003785,0.000577,,1,5,person stayed in alert zone: track_id=5,/Users/justindwinata/Documents/CCTV ANOMALY DETECT/hybrid_outputs/anomaly_frames/anomaly_frame_001145_20260611_024556_281243.jpg,vandalism / perusakan fasilitas | abusive or violent behavior / perkelahian | theft / pencurian | restricted-area entry / masuk area terlarang | abandoned or unusual object / benda tertinggal atau asing | sudden abnormal movement / gerakan tidak wajar
2026-06-11T02:45:56,1146,ANOMALY,0.238867,0.003090,0.012289,,1,5,person stayed in alert zone: track_id=5,/Users/justindwinata/Documents/CCTV ANOMALY DETECT/hybrid_outputs/anomaly_frames/anomaly_frame_001146_20260611_024556_334373.jpg,vandalism / perusakan fasilitas | abusive or violent behavior / perkelahian | theft / pencurian | restricted-area entry / masuk area terlarang | abandoned or unusual object / benda tertinggal atau asing | sudden abnormal movement / gerakan tidak wajar
2026-06-11T02:45:56,1147,ANOMALY,0.238818,0.003030,0.020057,,1,5,person stayed in alert zone: track_id=5,/Users/justindwinata/Documents/CCTV ANOMALY DETECT/hybrid_outputs/anomaly_frames/anomaly_frame_001147_20260611_024556_385738.jpg,vandalism / perusakan fasilitas | abusive or violent behavior / perkelahian | theft / pencurian | restricted-area entry / masuk area terlarang | abandoned or unusual object / benda tertinggal atau asing | sudden abnormal movement / gerakan tidak wajar
2026-06-11T02:45:56,1148,ANOMALY,0.238920,0.003030,0.021193,,1,5,person stayed in alert zone: track_id=5,/Users/justindwinata/Documents/CCTV ANOMALY DETECT/hybrid_outputs/anomaly_frames/anomaly_frame_001148_20260611_024556_436945.jpg,vandalism / perusakan fasilitas | abusive or violent behavior / perkelahian | theft / pencurian | restricted-area entry / masuk area terlarang | abandoned or unusual object / benda tertinggal atau asing | sudden abnormal movement / gerakan tidak wajar
2026-06-11T02:45:56,1149,ANOMALY,0.234976,0.002769,0.012678,,1,5,person stayed in alert zone: track_id=5,/Users/justindwinata/Documents/CCTV ANOMALY DETECT/hybrid_outputs/anomaly_frames/anomaly_frame_001149_20260611_024556_489178.jpg,vandalism / perusakan fasilitas | abusive or violent behavior / perkelahian | theft / pencurian | restricted-area entry / masuk area terlarang | abandoned or unusual object / benda tertinggal atau asing | sudden abnormal movement / gerakan tidak wajar
2026-06-11T02:45:56,1150,ANOMALY,0.236110,0.002882,0.009928,,1,5,person stayed in alert zone: track_id=5,/Users/justindwinata/Documents/CCTV ANOMALY DETECT/hybrid_outputs/anomaly_frames/anomaly_frame_001150_20260611_024556_541942.jpg,vandalism / perusakan fasilitas | abusive or violent behavior / perkelahian | theft / pencurian | restricted-area entry / masuk area terlarang | abandoned or unusual object / benda tertinggal atau asing | sudden abnormal movement / gerakan tidak wajar
2026-06-11T02:45:56,1151,ANOMALY,0.232404,0.002648,0.000506,,1,5,person stayed in alert zone: track_id=5,/Users/justindwinata/Documents/CCTV ANOMALY DETECT/hybrid_outputs/anomaly_frames/anomaly_frame_001151_20260611_024556_593370.jpg,vandalism / perusakan fasilitas | abusive or violent behavior / perkelahian | theft / pencurian | restricted-area entry / masuk area terlarang | abandoned or unusual object / benda tertinggal atau asing | sudden abnormal movement / gerakan tidak wajar
2026-06-11T02:45:56,1152,ANOMALY,0.238703,0.003090,0.010454,,1,5,person stayed in alert zone: track_id=5,/Users/justindwinata/Documents/CCTV ANOMALY DETECT/hybrid_outputs/anomaly_frames/anomaly_frame_001152_20260611_024556_645144.jpg,vandalism / perusakan fasilitas | abusive or violent behavior / perkelahian | theft / pencurian | restricted-area entry / masuk area terlarang | abandoned or unusual object / benda tertinggal atau asing | sudden abnormal movement / gerakan tidak wajar
2026-06-11T02:45:56,1153,ANOMALY,0.251326,0.003455,0.101924,,1,5,person stayed in alert zone: track_id=5,/Users/justindwinata/Documents/CCTV ANOMALY DETECT/hybrid_outputs/anomaly_frames/anomaly_frame_001153_20260611_024556_696245.jpg,vandalism / perusakan fasilitas | abusive or violent behavior / perkelahian | theft / pencurian | restricted-area entry / masuk area terlarang | abandoned or unusual object / benda tertinggal atau asing | sudden abnormal movement / gerakan tidak wajar
2026-06-11T02:45:56,1154,ANOMALY,0.239398,0.003090,0.018228,,1,5,person stayed in alert zone: track_id=5,/Users/justindwinata/Documents/CCTV ANOMALY DETECT/hybrid_outputs/anomaly_frames/anomaly_frame_001154_20260611_024556_748542.jpg,vandalism / perusakan fasilitas | abusive or violent behavior / perkelahian | theft / pencurian | restricted-area entry / masuk area terlarang | abandoned or unusual object / benda tertinggal atau asing | sudden abnormal movement / gerakan tidak wajar
2026-06-11T02:45:56,1155,ANOMALY,0.247934,0.003828,0.012837,,1,5,person stayed in alert zone: track_id=5,/Users/justindwinata/Documents/CCTV ANOMALY DETECT/hybrid_outputs/anomaly_frames/anomaly_frame_001155_20260611_024556_798124.jpg,vandalism / perusakan fasilitas | abusive or violent behavior / perkelahian | theft / pencurian | restricted-area entry / masuk area terlarang | abandoned or unusual object / benda tertinggal atau asing | sudden abnormal movement / gerakan tidak wajar
2026-06-11T02:45:56,1156,ANOMALY,0.249205,0.003906,0.016378,,1,5,person stayed in alert zone: track_id=5,/Users/justindwinata/Documents/CCTV ANOMALY DETECT/hybrid_outputs/anomaly_frames/anomaly_frame_001156_20260611_024556_851269.jpg,vandalism / perusakan fasilitas | abusive or violent behavior / perkelahian | theft / pencurian | restricted-area entry / masuk area terlarang | abandoned or unusual object / benda tertinggal atau asing | sudden abnormal movement / gerakan tidak wajar
2026-06-11T02:45:56,1157,ANOMALY,0.246644,0.003811,0.000758,,1,5,person stayed in alert zone: track_id=5,/Users/justindwinata/Documents/CCTV ANOMALY DETECT/hybrid_outputs/anomaly_frames/anomaly_frame_001157_20260611_024556_891484.jpg,vandalism / perusakan fasilitas | abusive or violent behavior / perkelahian | theft / pencurian | restricted-area entry / masuk area terlarang | abandoned or unusual object / benda tertinggal atau asing | sudden abnormal movement / gerakan tidak wajar
2026-06-11T02:45:56,1158,ANOMALY,0.248264,0.003811,0.018903,,1,5,person stayed in alert zone: track_id=5,/Users/justindwinata/Documents/CCTV ANOMALY DETECT/hybrid_outputs/anomaly_frames/anomaly_frame_001158_20260611_024556_931555.jpg,vandalism / perusakan fasilitas | abusive or violent behavior / perkelahian | theft / pencurian | restricted-area entry / masuk area terlarang | abandoned or unusual object / benda tertinggal atau asing | sudden abnormal movement / gerakan tidak wajar
2026-06-11T02:45:56,1159,ANOMALY,0.250329,0.004002,0.015887,,1,5,person stayed in alert zone: track_id=5,/Users/justindwinata/Documents/CCTV ANOMALY DETECT/hybrid_outputs/anomaly_frames/anomaly_frame_001159_20260611_024556_971288.jpg,vandalism / perusakan fasilitas | abusive or violent behavior / perkelahian | theft / pencurian | restricted-area entry / masuk area terlarang | abandoned or unusual object / benda tertinggal atau asing | sudden abnormal movement / gerakan tidak wajar
2026-06-11T02:45:57,1160,ANOMALY,0.253003,0.004210,0.017324,,1,5,person stayed in alert zone: track_id=5,/Users/justindwinata/Documents/CCTV ANOMALY DETECT/hybrid_outputs/anomaly_frames/anomaly_frame_001160_20260611_024557_022592.jpg,vandalism / perusakan fasilitas | abusive or violent behavior / perkelahian | theft / pencurian | restricted-area entry / masuk area terlarang | abandoned or unusual object / benda tertinggal atau asing | sudden abnormal movement / gerakan tidak wajar
2026-06-11T02:45:57,1161,ANOMALY,0.253016,0.004193,0.019839,,1,5,person stayed in alert zone: track_id=5,/Users/justindwinata/Documents/CCTV ANOMALY DETECT/hybrid_outputs/anomaly_frames/anomaly_frame_001161_20260611_024557_063076.jpg,vandalism / perusakan fasilitas | abusive or violent behavior / perkelahian | theft / pencurian | restricted-area entry / masuk area terlarang | abandoned or unusual object / benda tertinggal atau asing | sudden abnormal movement / gerakan tidak wajar
2026-06-11T02:45:57,1162,ANOMALY,0.250851,0.004019,0.019358,,1,5,person stayed in alert zone: track_id=5,/Users/justindwinata/Documents/CCTV ANOMALY DETECT/hybrid_outputs/anomaly_frames/anomaly_frame_001162_20260611_024557_102330.jpg,vandalism / perusakan fasilitas | abusive or violent behavior / perkelahian | theft / pencurian | restricted-area entry / masuk area terlarang | abandoned or unusual object / benda tertinggal atau asing | sudden abnormal movement / gerakan tidak wajar
2026-06-11T02:45:57,1163,ANOMALY,0.248441,0.003958,0.000692,,1,5,person stayed in alert zone: track_id=5,/Users/justindwinata/Documents/CCTV ANOMALY DETECT/hybrid_outputs/anomaly_frames/anomaly_frame_001163_20260611_024557_141539.jpg,vandalism / perusakan fasilitas | abusive or violent behavior / perkelahian | theft / pencurian | restricted-area entry / masuk area terlarang | abandoned or unusual object / benda tertinggal atau asing | sudden abnormal movement / gerakan tidak wajar
2026-06-11T02:45:57,1164,ANOMALY,0.255216,0.004340,0.024283,,1,5,person stayed in alert zone: track_id=5,/Users/justindwinata/Documents/CCTV ANOMALY DETECT/hybrid_outputs/anomaly_frames/anomaly_frame_001164_20260611_024557_180847.jpg,vandalism / perusakan fasilitas | abusive or violent behavior / perkelahian | theft / pencurian | restricted-area entry / masuk area terlarang | abandoned or unusual object / benda tertinggal atau asing | sudden abnormal movement / gerakan tidak wajar
2026-06-11T02:45:57,1165,ANOMALY,0.257764,0.004557,0.023109,,1,5,person stayed in alert zone: track_id=5,/Users/justindwinata/Documents/CCTV ANOMALY DETECT/hybrid_outputs/anomaly_frames/anomaly_frame_001165_20260611_024557_233311.jpg,vandalism / perusakan fasilitas | abusive or violent behavior / perkelahian | theft / pencurian | restricted-area entry / masuk area terlarang | abandoned or unusual object / benda tertinggal atau asing | sudden abnormal movement / gerakan tidak wajar
2026-06-11T02:45:57,1166,ANOMALY,0.253990,0.004262,0.021252,,1,5,person stayed in alert zone: track_id=5,/Users/justindwinata/Documents/CCTV ANOMALY DETECT/hybrid_outputs/anomaly_frames/anomaly_frame_001166_20260611_024557_285648.jpg,vandalism / perusakan fasilitas | abusive or violent behavior / perkelahian | theft / pencurian | restricted-area entry / masuk area terlarang | abandoned or unusual object / benda tertinggal atau asing | sudden abnormal movement / gerakan tidak wajar
2026-06-11T02:45:57,1167,ANOMALY,0.261982,0.004905,0.022820,,1,5,person stayed in alert zone: track_id=5,/Users/justindwinata/Documents/CCTV ANOMALY DETECT/hybrid_outputs/anomaly_frames/anomaly_frame_001167_20260611_024557_337240.jpg,vandalism / perusakan fasilitas | abusive or violent behavior / perkelahian | theft / pencurian | restricted-area entry / masuk area terlarang | abandoned or unusual object / benda tertinggal atau asing | sudden abnormal movement / gerakan tidak wajar
2026-06-11T02:45:57,1168,ANOMALY,0.264872,0.005156,0.020729,,1,5,person stayed in alert zone: track_id=5,/Users/justindwinata/Documents/CCTV ANOMALY DETECT/hybrid_outputs/anomaly_frames/anomaly_frame_001168_20260611_024557_387934.jpg,vandalism / perusakan fasilitas | abusive or violent behavior / perkelahian | theft / pencurian | restricted-area entry / masuk area terlarang | abandoned or unusual object / benda tertinggal atau asing | sudden abnormal movement / gerakan tidak wajar
2026-06-11T02:45:57,1169,ANOMALY,0.262567,0.005113,0.000859,,1,5,person stayed in alert zone: track_id=5,/Users/justindwinata/Documents/CCTV ANOMALY DETECT/hybrid_outputs/anomaly_frames/anomaly_frame_001169_20260611_024557_439118.jpg,vandalism / perusakan fasilitas | abusive or violent behavior / perkelahian | theft / pencurian | restricted-area entry / masuk area terlarang | abandoned or unusual object / benda tertinggal atau asing | sudden abnormal movement / gerakan tidak wajar
2026-06-11T02:45:57,1170,ANOMALY,0.266385,0.005295,0.018661,,1,5,person stayed in alert zone: track_id=5,/Users/justindwinata/Documents/CCTV ANOMALY DETECT/hybrid_outputs/anomaly_frames/anomaly_frame_001170_20260611_024557_490769.jpg,vandalism / perusakan fasilitas | abusive or violent behavior / perkelahian | theft / pencurian | restricted-area entry / masuk area terlarang | abandoned or unusual object / benda tertinggal atau asing | sudden abnormal movement / gerakan tidak wajar
2026-06-11T02:45:57,1171,ANOMALY,0.266419,0.005295,0.019042,,1,5,person stayed in alert zone: track_id=5,/Users/justindwinata/Documents/CCTV ANOMALY DETECT/hybrid_outputs/anomaly_frames/anomaly_frame_001171_20260611_024557_542956.jpg,vandalism / perusakan fasilitas | abusive or violent behavior / perkelahian | theft / pencurian | restricted-area entry / masuk area terlarang | abandoned or unusual object / benda tertinggal atau asing | sudden abnormal movement / gerakan tidak wajar
2026-06-11T02:45:57,1172,ANOMALY,0.269343,0.005469,0.028035,,1,5,person stayed in alert zone: track_id=5,/Users/justindwinata/Documents/CCTV ANOMALY DETECT/hybrid_outputs/anomaly_frames/anomaly_frame_001172_20260611_024557_594870.jpg,vandalism / perusakan fasilitas | abusive or violent behavior / perkelahian | theft / pencurian | restricted-area entry / masuk area terlarang | abandoned or unusual object / benda tertinggal atau asing | sudden abnormal movement / gerakan tidak wajar
2026-06-11T02:45:57,1173,ANOMALY,0.268096,0.005460,0.015252,,1,5,person stayed in alert zone: track_id=5,/Users/justindwinata/Documents/CCTV ANOMALY DETECT/hybrid_outputs/anomaly_frames/anomaly_frame_001173_20260611_024557_647804.jpg,vandalism / perusakan fasilitas | abusive or violent behavior / perkelahian | theft / pencurian | restricted-area entry / masuk area terlarang | abandoned or unusual object / benda tertinggal atau asing | sudden abnormal movement / gerakan tidak wajar
2026-06-11T02:45:57,1174,ANOMALY,0.267301,0.005365,0.019423,,1,5,person stayed in alert zone: track_id=5,/Users/justindwinata/Documents/CCTV ANOMALY DETECT/hybrid_outputs/anomaly_frames/anomaly_frame_001174_20260611_024557_698878.jpg,vandalism / perusakan fasilitas | abusive or violent behavior / perkelahian | theft / pencurian | restricted-area entry / masuk area terlarang | abandoned or unusual object / benda tertinggal atau asing | sudden abnormal movement / gerakan tidak wajar
2026-06-11T02:45:57,1175,ANOMALY,0.265661,0.005365,0.001048,,1,5,person stayed in alert zone: track_id=5,/Users/justindwinata/Documents/CCTV ANOMALY DETECT/hybrid_outputs/anomaly_frames/anomaly_frame_001175_20260611_024557_750254.jpg,vandalism / perusakan fasilitas | abusive or violent behavior / perkelahian | theft / pencurian | restricted-area entry / masuk area terlarang | abandoned or unusual object / benda tertinggal atau asing | sudden abnormal movement / gerakan tidak wajar
2026-06-11T02:45:57,1176,ANOMALY,0.270584,0.005642,0.018166,,1,5,person stayed in alert zone: track_id=5,/Users/justindwinata/Documents/CCTV ANOMALY DETECT/hybrid_outputs/anomaly_frames/anomaly_frame_001176_20260611_024557_801955.jpg,vandalism / perusakan fasilitas | abusive or violent behavior / perkelahian | theft / pencurian | restricted-area entry / masuk area terlarang | abandoned or unusual object / benda tertinggal atau asing | sudden abnormal movement / gerakan tidak wajar
2026-06-11T02:45:57,1177,ANOMALY,0.269056,0.005512,0.018874,,1,5,person stayed in alert zone: track_id=5,/Users/justindwinata/Documents/CCTV ANOMALY DETECT/hybrid_outputs/anomaly_frames/anomaly_frame_001177_20260611_024557_854108.jpg,vandalism / perusakan fasilitas | abusive or violent behavior / perkelahian | theft / pencurian | restricted-area entry / masuk area terlarang | abandoned or unusual object / benda tertinggal atau asing | sudden abnormal movement / gerakan tidak wajar
2026-06-11T02:45:57,1178,ANOMALY,0.267168,0.005347,0.020311,,1,5,person stayed in alert zone: track_id=5,/Users/justindwinata/Documents/CCTV ANOMALY DETECT/hybrid_outputs/anomaly_frames/anomaly_frame_001178_20260611_024557_907897.jpg,vandalism / perusakan fasilitas | abusive or violent behavior / perkelahian | theft / pencurian | restricted-area entry / masuk area terlarang | abandoned or unusual object / benda tertinggal atau asing | sudden abnormal movement / gerakan tidak wajar
2026-06-11T02:45:57,1179,ANOMALY,0.268293,0.005451,0.018650,,1,5,person stayed in alert zone: track_id=5,/Users/justindwinata/Documents/CCTV ANOMALY DETECT/hybrid_outputs/anomaly_frames/anomaly_frame_001179_20260611_024557_959148.jpg,vandalism / perusakan fasilitas | abusive or violent behavior / perkelahian | theft / pencurian | restricted-area entry / masuk area terlarang | abandoned or unusual object / benda tertinggal atau asing | sudden abnormal movement / gerakan tidak wajar
2026-06-11T02:45:58,1180,ANOMALY,0.268891,0.005503,0.018219,,1,5,person stayed in alert zone: track_id=5,/Users/justindwinata/Documents/CCTV ANOMALY DETECT/hybrid_outputs/anomaly_frames/anomaly_frame_001180_20260611_024558_010095.jpg,vandalism / perusakan fasilitas | abusive or violent behavior / perkelahian | theft / pencurian | restricted-area entry / masuk area terlarang | abandoned or unusual object / benda tertinggal atau asing | sudden abnormal movement / gerakan tidak wajar
2026-06-11T02:45:58,1181,ANOMALY,0.266194,0.005408,0.001084,,1,5,person stayed in alert zone: track_id=5,/Users/justindwinata/Documents/CCTV ANOMALY DETECT/hybrid_outputs/anomaly_frames/anomaly_frame_001181_20260611_024558_062464.jpg,vandalism / perusakan fasilitas | abusive or violent behavior / perkelahian | theft / pencurian | restricted-area entry / masuk area terlarang | abandoned or unusual object / benda tertinggal atau asing | sudden abnormal movement / gerakan tidak wajar
2026-06-11T02:45:58,1182,ANOMALY,0.265447,0.005226,0.017666,,1,5,person stayed in alert zone: track_id=5,/Users/justindwinata/Documents/CCTV ANOMALY DETECT/hybrid_outputs/anomaly_frames/anomaly_frame_001182_20260611_024558_113231.jpg,vandalism / perusakan fasilitas | abusive or violent behavior / perkelahian | theft / pencurian | restricted-area entry / masuk area terlarang | abandoned or unusual object / benda tertinggal atau asing | sudden abnormal movement / gerakan tidak wajar
2026-06-11T02:45:58,1183,ANOMALY,0.265098,0.005174,0.020883,,1,5,person stayed in alert zone: track_id=5,/Users/justindwinata/Documents/CCTV ANOMALY DETECT/hybrid_outputs/anomaly_frames/anomaly_frame_001183_20260611_024558_164610.jpg,vandalism / perusakan fasilitas | abusive or violent behavior / perkelahian | theft / pencurian | restricted-area entry / masuk area terlarang | abandoned or unusual object / benda tertinggal atau asing | sudden abnormal movement / gerakan tidak wajar
2026-06-11T02:45:58,1184,ANOMALY,0.260365,0.004792,0.020165,,1,5,person stayed in alert zone: track_id=5,/Users/justindwinata/Documents/CCTV ANOMALY DETECT/hybrid_outputs/anomaly_frames/anomaly_frame_001184_20260611_024558_215772.jpg,vandalism / perusakan fasilitas | abusive or violent behavior / perkelahian | theft / pencurian | restricted-area entry / masuk area terlarang | abandoned or unusual object / benda tertinggal atau asing | sudden abnormal movement / gerakan tidak wajar
2026-06-11T02:45:58,1185,ANOMALY,0.061619,0.004870,0.023513,,0,,normal,/Users/justindwinata/Documents/CCTV ANOMALY DETECT/hybrid_outputs/anomaly_frames/anomaly_frame_001185_20260611_024558_266914.jpg,vandalism / perusakan fasilitas | abusive or violent behavior / perkelahian | theft / pencurian | restricted-area entry / masuk area terlarang | abandoned or unusual object / benda tertinggal atau asing | sudden abnormal movement / gerakan tidak wajar
2026-06-11T02:45:58,1186,ANOMALY,0.064048,0.005052,0.025760,,0,,normal,/Users/justindwinata/Documents/CCTV ANOMALY DETECT/hybrid_outputs/anomaly_frames/anomaly_frame_001186_20260611_024558_317571.jpg,vandalism / perusakan fasilitas | abusive or violent behavior / perkelahian | theft / pencurian | restricted-area entry / masuk area terlarang | abandoned or unusual object / benda tertinggal atau asing | sudden abnormal movement / gerakan tidak wajar
2026-06-11T02:45:58,1187,ANOMALY,0.061020,0.004983,0.001361,,0,,normal,/Users/justindwinata/Documents/CCTV ANOMALY DETECT/hybrid_outputs/anomaly_frames/anomaly_frame_001187_20260611_024558_369048.jpg,vandalism / perusakan fasilitas | abusive or violent behavior / perkelahian | theft / pencurian | restricted-area entry / masuk area terlarang | abandoned or unusual object / benda tertinggal atau asing | sudden abnormal movement / gerakan tidak wajar
2026-06-11T02:45:58,1188,ANOMALY,0.064972,0.005182,0.018283,,0,,normal,/Users/justindwinata/Documents/CCTV ANOMALY DETECT/hybrid_outputs/anomaly_frames/anomaly_frame_001188_20260611_024558_420445.jpg,vandalism / perusakan fasilitas | abusive or violent behavior / perkelahian | theft / pencurian | restricted-area entry / masuk area terlarang | abandoned or unusual object / benda tertinggal atau asing | sudden abnormal movement / gerakan tidak wajar
2026-06-11T02:45:58,1189,ANOMALY,0.066321,0.005191,0.032210,,0,,normal,/Users/justindwinata/Documents/CCTV ANOMALY DETECT/hybrid_outputs/anomaly_frames/anomaly_frame_001189_20260611_024558_471896.jpg,vandalism / perusakan fasilitas | abusive or violent behavior / perkelahian | theft / pencurian | restricted-area entry / masuk area terlarang | abandoned or unusual object / benda tertinggal atau asing | sudden abnormal movement / gerakan tidak wajar
2026-06-11T02:45:58,1190,ANOMALY,0.067800,0.005382,0.022628,,0,,normal,/Users/justindwinata/Documents/CCTV ANOMALY DETECT/hybrid_outputs/anomaly_frames/anomaly_frame_001190_20260611_024558_524389.jpg,vandalism / perusakan fasilitas | abusive or violent behavior / perkelahian | theft / pencurian | restricted-area entry / masuk area terlarang | abandoned or unusual object / benda tertinggal atau asing | sudden abnormal movement / gerakan tidak wajar
2026-06-11T02:45:58,1191,ANOMALY,0.068958,0.005408,0.032034,,0,,normal,/Users/justindwinata/Documents/CCTV ANOMALY DETECT/hybrid_outputs/anomaly_frames/anomaly_frame_001191_20260611_024558_575825.jpg,vandalism / perusakan fasilitas | abusive or violent behavior / perkelahian | theft / pencurian | restricted-area entry / masuk area terlarang | abandoned or unusual object / benda tertinggal atau asing | sudden abnormal movement / gerakan tidak wajar
2026-06-11T02:45:58,1192,ANOMALY,0.067655,0.005399,0.018633,,0,,normal,/Users/justindwinata/Documents/CCTV ANOMALY DETECT/hybrid_outputs/anomaly_frames/anomaly_frame_001192_20260611_024558_626880.jpg,vandalism / perusakan fasilitas | abusive or violent behavior / perkelahian | theft / pencurian | restricted-area entry / masuk area terlarang | abandoned or unusual object / benda tertinggal atau asing | sudden abnormal movement / gerakan tidak wajar
2026-06-11T02:45:58,1193,ANOMALY,0.066077,0.005399,0.000957,,0,,normal,/Users/justindwinata/Documents/CCTV ANOMALY DETECT/hybrid_outputs/anomaly_frames/anomaly_frame_001193_20260611_024558_678439.jpg,vandalism / perusakan fasilitas | abusive or violent behavior / perkelahian | theft / pencurian | restricted-area entry / masuk area terlarang | abandoned or unusual object / benda tertinggal atau asing | sudden abnormal movement / gerakan tidak wajar
2026-06-11T02:50:26,52,ANOMALY,0.117705,0.007882,0.239348,,0,,persistent abnormal visual/motion pattern,/Users/justindwinata/Documents/CCTV ANOMALY DETECT/hybrid_outputs/anomaly_frames/anomaly_frame_000052_20260611_025026_465045.jpg,vandalism / perusakan fasilitas | abusive or violent behavior / perkelahian | theft / pencurian | restricted-area entry / masuk area terlarang | abandoned or unusual object / benda tertinggal atau asing | sudden abnormal movement / gerakan tidak wajar
2026-06-11T02:50:26,53,ANOMALY,0.118334,0.007943,0.238073,,0,,persistent abnormal visual/motion pattern,/Users/justindwinata/Documents/CCTV ANOMALY DETECT/hybrid_outputs/anomaly_frames/anomaly_frame_000053_20260611_025026_494318.jpg,vandalism / perusakan fasilitas | abusive or violent behavior / perkelahian | theft / pencurian | restricted-area entry / masuk area terlarang | abandoned or unusual object / benda tertinggal atau asing | sudden abnormal movement / gerakan tidak wajar
2026-06-11T02:50:26,54,ANOMALY,0.109496,0.007925,0.141460,,0,,persistent abnormal visual/motion pattern,/Users/justindwinata/Documents/CCTV ANOMALY DETECT/hybrid_outputs/anomaly_frames/anomaly_frame_000054_20260611_025026_519038.jpg,vandalism / perusakan fasilitas | abusive or violent behavior / perkelahian | theft / pencurian | restricted-area entry / masuk area terlarang | abandoned or unusual object / benda tertinggal atau asing | sudden abnormal movement / gerakan tidak wajar
2026-06-11T02:50:26,55,ANOMALY,0.106874,0.007873,0.119227,,0,,persistent abnormal visual/motion pattern,/Users/justindwinata/Documents/CCTV ANOMALY DETECT/hybrid_outputs/anomaly_frames/anomaly_frame_000055_20260611_025026_543548.jpg,vandalism / perusakan fasilitas | abusive or violent behavior / perkelahian | theft / pencurian | restricted-area entry / masuk area terlarang | abandoned or unusual object / benda tertinggal atau asing | sudden abnormal movement / gerakan tidak wajar
2026-06-11T02:50:26,56,ANOMALY,0.098296,0.007882,0.021960,,0,,normal,/Users/justindwinata/Documents/CCTV ANOMALY DETECT/hybrid_outputs/anomaly_frames/anomaly_frame_000056_20260611_025026_568238.jpg,vandalism / perusakan fasilitas | abusive or violent behavior / perkelahian | theft / pencurian | restricted-area entry / masuk area terlarang | abandoned or unusual object / benda tertinggal atau asing | sudden abnormal movement / gerakan tidak wajar
2026-06-11T02:50:26,57,ANOMALY,0.100418,0.007899,0.043359,,0,,persistent abnormal visual/motion pattern,/Users/justindwinata/Documents/CCTV ANOMALY DETECT/hybrid_outputs/anomaly_frames/anomaly_frame_000057_20260611_025026_593208.jpg,vandalism / perusakan fasilitas | abusive or violent behavior / perkelahian | theft / pencurian | restricted-area entry / masuk area terlarang | abandoned or unusual object / benda tertinggal atau asing | sudden abnormal movement / gerakan tidak wajar
2026-06-11T02:50:26,58,ANOMALY,0.099267,0.007856,0.036410,,0,,normal,/Users/justindwinata/Documents/CCTV ANOMALY DETECT/hybrid_outputs/anomaly_frames/anomaly_frame_000058_20260611_025026_621148.jpg,vandalism / perusakan fasilitas | abusive or violent behavior / perkelahian | theft / pencurian | restricted-area entry / masuk area terlarang | abandoned or unusual object / benda tertinggal atau asing | sudden abnormal movement / gerakan tidak wajar
2026-06-11T02:50:26,59,ANOMALY,0.098395,0.007873,0.024260,,0,,normal,/Users/justindwinata/Documents/CCTV ANOMALY DETECT/hybrid_outputs/anomaly_frames/anomaly_frame_000059_20260611_025026_647807.jpg,vandalism / perusakan fasilitas | abusive or violent behavior / perkelahian | theft / pencurian | restricted-area entry / masuk area terlarang | abandoned or unusual object / benda tertinggal atau asing | sudden abnormal movement / gerakan tidak wajar
2026-06-11T02:50:26,60,ANOMALY,0.101725,0.007882,0.060372,,0,,persistent abnormal visual/motion pattern,/Users/justindwinata/Documents/CCTV ANOMALY DETECT/hybrid_outputs/anomaly_frames/anomaly_frame_000060_20260611_025026_672780.jpg,vandalism / perusakan fasilitas | abusive or violent behavior / perkelahian | theft / pencurian | restricted-area entry / masuk area terlarang | abandoned or unusual object / benda tertinggal atau asing | sudden abnormal movement / gerakan tidak wajar
2026-06-11T02:50:26,61,ANOMALY,0.105896,0.007839,0.113031,,0,,persistent abnormal visual/motion pattern,/Users/justindwinata/Documents/CCTV ANOMALY DETECT/hybrid_outputs/anomaly_frames/anomaly_frame_000061_20260611_025026_697489.jpg,vandalism / perusakan fasilitas | abusive or violent behavior / perkelahian | theft / pencurian | restricted-area entry / masuk area terlarang | abandoned or unusual object / benda tertinggal atau asing | sudden abnormal movement / gerakan tidak wajar
2026-06-11T02:50:26,62,ANOMALY,0.110898,0.007839,0.169049,,0,,persistent abnormal visual/motion pattern,/Users/justindwinata/Documents/CCTV ANOMALY DETECT/hybrid_outputs/anomaly_frames/anomaly_frame_000062_20260611_025026_722771.jpg,vandalism / perusakan fasilitas | abusive or violent behavior / perkelahian | theft / pencurian | restricted-area entry / masuk area terlarang | abandoned or unusual object / benda tertinggal atau asing | sudden abnormal movement / gerakan tidak wajar
2026-06-11T02:50:26,63,ANOMALY,0.119318,0.007856,0.260972,,0,,persistent abnormal visual/motion pattern,/Users/justindwinata/Documents/CCTV ANOMALY DETECT/hybrid_outputs/anomaly_frames/anomaly_frame_000063_20260611_025026_747381.jpg,vandalism / perusakan fasilitas | abusive or violent behavior / perkelahian | theft / pencurian | restricted-area entry / masuk area terlarang | abandoned or unusual object / benda tertinggal atau asing | sudden abnormal movement / gerakan tidak wajar
2026-06-11T02:50:26,64,ANOMALY,0.119501,0.007873,0.260652,,0,,persistent abnormal visual/motion pattern,/Users/justindwinata/Documents/CCTV ANOMALY DETECT/hybrid_outputs/anomaly_frames/anomaly_frame_000064_20260611_025026_771967.jpg,vandalism / perusakan fasilitas | abusive or violent behavior / perkelahian | theft / pencurian | restricted-area entry / masuk area terlarang | abandoned or unusual object / benda tertinggal atau asing | sudden abnormal movement / gerakan tidak wajar
2026-06-11T02:50:26,65,ANOMALY,0.116959,0.007847,0.235745,,0,,persistent abnormal visual/motion pattern,/Users/justindwinata/Documents/CCTV ANOMALY DETECT/hybrid_outputs/anomaly_frames/anomaly_frame_000065_20260611_025026_796469.jpg,vandalism / perusakan fasilitas | abusive or violent behavior / perkelahian | theft / pencurian | restricted-area entry / masuk area terlarang | abandoned or unusual object / benda tertinggal atau asing | sudden abnormal movement / gerakan tidak wajar
2026-06-11T02:50:26,66,ANOMALY,0.114504,0.007873,0.204687,,0,,persistent abnormal visual/motion pattern,/Users/justindwinata/Documents/CCTV ANOMALY DETECT/hybrid_outputs/anomaly_frames/anomaly_frame_000066_20260611_025026_821181.jpg,vandalism / perusakan fasilitas | abusive or violent behavior / perkelahian | theft / pencurian | restricted-area entry / masuk area terlarang | abandoned or unusual object / benda tertinggal atau asing | sudden abnormal movement / gerakan tidak wajar
2026-06-11T02:50:26,67,ANOMALY,0.106662,0.007865,0.118045,,0,,persistent abnormal visual/motion pattern,/Users/justindwinata/Documents/CCTV ANOMALY DETECT/hybrid_outputs/anomaly_frames/anomaly_frame_000067_20260611_025026_846858.jpg,vandalism / perusakan fasilitas | abusive or violent behavior / perkelahian | theft / pencurian | restricted-area entry / masuk area terlarang | abandoned or unusual object / benda tertinggal atau asing | sudden abnormal movement / gerakan tidak wajar
2026-06-11T02:50:26,68,ANOMALY,0.101115,0.007839,0.059475,,0,,persistent abnormal visual/motion pattern,/Users/justindwinata/Documents/CCTV ANOMALY DETECT/hybrid_outputs/anomaly_frames/anomaly_frame_000068_20260611_025026_871643.jpg,vandalism / perusakan fasilitas | abusive or violent behavior / perkelahian | theft / pencurian | restricted-area entry / masuk area terlarang | abandoned or unusual object / benda tertinggal atau asing | sudden abnormal movement / gerakan tidak wajar
2026-06-11T02:50:26,69,ANOMALY,0.100207,0.007830,0.050492,,0,,persistent abnormal visual/motion pattern,/Users/justindwinata/Documents/CCTV ANOMALY DETECT/hybrid_outputs/anomaly_frames/anomaly_frame_000069_20260611_025026_897787.jpg,vandalism / perusakan fasilitas | abusive or violent behavior / perkelahian | theft / pencurian | restricted-area entry / masuk area terlarang | abandoned or unusual object / benda tertinggal atau asing | sudden abnormal movement / gerakan tidak wajar
2026-06-11T02:50:26,70,ANOMALY,0.099211,0.007856,0.035774,,0,,normal,/Users/justindwinata/Documents/CCTV ANOMALY DETECT/hybrid_outputs/anomaly_frames/anomaly_frame_000070_20260611_025026_923094.jpg,vandalism / perusakan fasilitas | abusive or violent behavior / perkelahian | theft / pencurian | restricted-area entry / masuk area terlarang | abandoned or unusual object / benda tertinggal atau asing | sudden abnormal movement / gerakan tidak wajar
2026-06-11T02:50:26,71,ANOMALY,0.098664,0.007865,0.028459,,0,,normal,/Users/justindwinata/Documents/CCTV ANOMALY DETECT/hybrid_outputs/anomaly_frames/anomaly_frame_000071_20260611_025026_948138.jpg,vandalism / perusakan fasilitas | abusive or violent behavior / perkelahian | theft / pencurian | restricted-area entry / masuk area terlarang | abandoned or unusual object / benda tertinggal atau asing | sudden abnormal movement / gerakan tidak wajar
2026-06-11T02:50:27,74,ANOMALY,0.108441,0.007856,0.139150,,0,,persistent abnormal visual/motion pattern,/Users/justindwinata/Documents/CCTV ANOMALY DETECT/hybrid_outputs/anomaly_frames/anomaly_frame_000074_20260611_025027_021736.jpg,vandalism / perusakan fasilitas | abusive or violent behavior / perkelahian | theft / pencurian | restricted-area entry / masuk area terlarang | abandoned or unusual object / benda tertinggal atau asing | sudden abnormal movement / gerakan tidak wajar
2026-06-11T02:50:27,75,ANOMALY,0.114495,0.007847,0.208146,,0,,persistent abnormal visual/motion pattern,/Users/justindwinata/Documents/CCTV ANOMALY DETECT/hybrid_outputs/anomaly_frames/anomaly_frame_000075_20260611_025027_049737.jpg,vandalism / perusakan fasilitas | abusive or violent behavior / perkelahian | theft / pencurian | restricted-area entry / masuk area terlarang | abandoned or unusual object / benda tertinggal atau asing | sudden abnormal movement / gerakan tidak wajar
2026-06-11T02:50:27,76,ANOMALY,0.120852,0.007908,0.271023,,0,,persistent abnormal visual/motion pattern,/Users/justindwinata/Documents/CCTV ANOMALY DETECT/hybrid_outputs/anomaly_frames/anomaly_frame_000076_20260611_025027_074812.jpg,vandalism / perusakan fasilitas | abusive or violent behavior / perkelahian | theft / pencurian | restricted-area entry / masuk area terlarang | abandoned or unusual object / benda tertinggal atau asing | sudden abnormal movement / gerakan tidak wajar
2026-06-11T02:50:27,77,ANOMALY,0.122960,0.008082,0.270874,,0,,persistent abnormal visual/motion pattern,/Users/justindwinata/Documents/CCTV ANOMALY DETECT/hybrid_outputs/anomaly_frames/anomaly_frame_000077_20260611_025027_102428.jpg,vandalism / perusakan fasilitas | abusive or violent behavior / perkelahian | theft / pencurian | restricted-area entry / masuk area terlarang | abandoned or unusual object / benda tertinggal atau asing | sudden abnormal movement / gerakan tidak wajar
2026-06-11T02:50:27,78,ANOMALY,0.119794,0.007986,0.248484,,0,,persistent abnormal visual/motion pattern,/Users/justindwinata/Documents/CCTV ANOMALY DETECT/hybrid_outputs/anomaly_frames/anomaly_frame_000078_20260611_025027_127300.jpg,vandalism / perusakan fasilitas | abusive or violent behavior / perkelahian | theft / pencurian | restricted-area entry / masuk area terlarang | abandoned or unusual object / benda tertinggal atau asing | sudden abnormal movement / gerakan tidak wajar
2026-06-11T02:50:27,79,ANOMALY,0.109859,0.007908,0.147909,,0,,persistent abnormal visual/motion pattern,/Users/justindwinata/Documents/CCTV ANOMALY DETECT/hybrid_outputs/anomaly_frames/anomaly_frame_000079_20260611_025027_152994.jpg,vandalism / perusakan fasilitas | abusive or violent behavior / perkelahian | theft / pencurian | restricted-area entry / masuk area terlarang | abandoned or unusual object / benda tertinggal atau asing | sudden abnormal movement / gerakan tidak wajar
2026-06-11T02:50:27,80,ANOMALY,0.106942,0.007882,0.118796,,0,,persistent abnormal visual/motion pattern,/Users/justindwinata/Documents/CCTV ANOMALY DETECT/hybrid_outputs/anomaly_frames/anomaly_frame_000080_20260611_025027_178991.jpg,vandalism / perusakan fasilitas | abusive or violent behavior / perkelahian | theft / pencurian | restricted-area entry / masuk area terlarang | abandoned or unusual object / benda tertinggal atau asing | sudden abnormal movement / gerakan tidak wajar
2026-06-11T02:50:27,81,ANOMALY,0.099688,0.007882,0.037558,,0,,normal,/Users/justindwinata/Documents/CCTV ANOMALY DETECT/hybrid_outputs/anomaly_frames/anomaly_frame_000081_20260611_025027_203843.jpg,vandalism / perusakan fasilitas | abusive or violent behavior / perkelahian | theft / pencurian | restricted-area entry / masuk area terlarang | abandoned or unusual object / benda tertinggal atau asing | sudden abnormal movement / gerakan tidak wajar
2026-06-11T02:50:27,82,ANOMALY,0.014318,0.000000,0.160356,,0,,normal,/Users/justindwinata/Documents/CCTV ANOMALY DETECT/hybrid_outputs/anomaly_frames/anomaly_frame_000082_20260611_025027_228933.jpg,vandalism / perusakan fasilitas | abusive or violent behavior / perkelahian | theft / pencurian | restricted-area entry / masuk area terlarang | abandoned or unusual object / benda tertinggal atau asing | sudden abnormal movement / gerakan tidak wajar
2026-06-11T02:50:27,92,ANOMALY,0.105788,0.008646,0.001312,,0,,persistent abnormal visual/motion pattern,/Users/justindwinata/Documents/CCTV ANOMALY DETECT/hybrid_outputs/anomaly_frames/anomaly_frame_000092_20260611_025027_547162.jpg,vandalism / perusakan fasilitas | abusive or violent behavior / perkelahian | theft / pencurian | restricted-area entry / masuk area terlarang | abandoned or unusual object / benda tertinggal atau asing | sudden abnormal movement / gerakan tidak wajar
2026-06-11T02:50:27,93,ANOMALY,0.105779,0.008646,0.001209,,0,,persistent abnormal visual/motion pattern,/Users/justindwinata/Documents/CCTV ANOMALY DETECT/hybrid_outputs/anomaly_frames/anomaly_frame_000093_20260611_025027_576297.jpg,vandalism / perusakan fasilitas | abusive or violent behavior / perkelahian | theft / pencurian | restricted-area entry / masuk area terlarang | abandoned or unusual object / benda tertinggal atau asing | sudden abnormal movement / gerakan tidak wajar
2026-06-11T02:50:27,94,ANOMALY,0.105800,0.008646,0.001444,,0,,persistent abnormal visual/motion pattern,/Users/justindwinata/Documents/CCTV ANOMALY DETECT/hybrid_outputs/anomaly_frames/anomaly_frame_000094_20260611_025027_605779.jpg,vandalism / perusakan fasilitas | abusive or violent behavior / perkelahian | theft / pencurian | restricted-area entry / masuk area terlarang | abandoned or unusual object / benda tertinggal atau asing | sudden abnormal movement / gerakan tidak wajar
2026-06-11T02:50:27,95,ANOMALY,0.106031,0.008646,0.004031,,0,,persistent abnormal visual/motion pattern,/Users/justindwinata/Documents/CCTV ANOMALY DETECT/hybrid_outputs/anomaly_frames/anomaly_frame_000095_20260611_025027_635407.jpg,vandalism / perusakan fasilitas | abusive or violent behavior / perkelahian | theft / pencurian | restricted-area entry / masuk area terlarang | abandoned or unusual object / benda tertinggal atau asing | sudden abnormal movement / gerakan tidak wajar
2026-06-11T02:50:27,96,ANOMALY,0.105937,0.008646,0.002981,,0,,persistent abnormal visual/motion pattern,/Users/justindwinata/Documents/CCTV ANOMALY DETECT/hybrid_outputs/anomaly_frames/anomaly_frame_000096_20260611_025027_664996.jpg,vandalism / perusakan fasilitas | abusive or violent behavior / perkelahian | theft / pencurian | restricted-area entry / masuk area terlarang | abandoned or unusual object / benda tertinggal atau asing | sudden abnormal movement / gerakan tidak wajar
2026-06-11T02:50:27,97,ANOMALY,0.106392,0.008646,0.008076,,0,,persistent abnormal visual/motion pattern,/Users/justindwinata/Documents/CCTV ANOMALY DETECT/hybrid_outputs/anomaly_frames/anomaly_frame_000097_20260611_025027_694808.jpg,vandalism / perusakan fasilitas | abusive or violent behavior / perkelahian | theft / pencurian | restricted-area entry / masuk area terlarang | abandoned or unusual object / benda tertinggal atau asing | sudden abnormal movement / gerakan tidak wajar
2026-06-11T02:50:27,98,ANOMALY,0.105951,0.008646,0.003134,,0,,persistent abnormal visual/motion pattern,/Users/justindwinata/Documents/CCTV ANOMALY DETECT/hybrid_outputs/anomaly_frames/anomaly_frame_000098_20260611_025027_719571.jpg,vandalism / perusakan fasilitas | abusive or violent behavior / perkelahian | theft / pencurian | restricted-area entry / masuk area terlarang | abandoned or unusual object / benda tertinggal atau asing | sudden abnormal movement / gerakan tidak wajar
2026-06-11T02:50:27,99,ANOMALY,0.105778,0.008646,0.001196,,0,,persistent abnormal visual/motion pattern,/Users/justindwinata/Documents/CCTV ANOMALY DETECT/hybrid_outputs/anomaly_frames/anomaly_frame_000099_20260611_025027_747077.jpg,vandalism / perusakan fasilitas | abusive or violent behavior / perkelahian | theft / pencurian | restricted-area entry / masuk area terlarang | abandoned or unusual object / benda tertinggal atau asing | sudden abnormal movement / gerakan tidak wajar
2026-06-11T02:50:27,100,ANOMALY,0.105954,0.008646,0.003163,,0,,persistent abnormal visual/motion pattern,/Users/justindwinata/Documents/CCTV ANOMALY DETECT/hybrid_outputs/anomaly_frames/anomaly_frame_000100_20260611_025027_777351.jpg,vandalism / perusakan fasilitas | abusive or violent behavior / perkelahian | theft / pencurian | restricted-area entry / masuk area terlarang | abandoned or unusual object / benda tertinggal atau asing | sudden abnormal movement / gerakan tidak wajar
2026-06-11T02:50:27,101,ANOMALY,0.105981,0.008646,0.003470,,0,,persistent abnormal visual/motion pattern,/Users/justindwinata/Documents/CCTV ANOMALY DETECT/hybrid_outputs/anomaly_frames/anomaly_frame_000101_20260611_025027_804803.jpg,vandalism / perusakan fasilitas | abusive or violent behavior / perkelahian | theft / pencurian | restricted-area entry / masuk area terlarang | abandoned or unusual object / benda tertinggal atau asing | sudden abnormal movement / gerakan tidak wajar
2026-06-11T02:50:27,102,ANOMALY,0.105785,0.008646,0.001276,,0,,persistent abnormal visual/motion pattern,/Users/justindwinata/Documents/CCTV ANOMALY DETECT/hybrid_outputs/anomaly_frames/anomaly_frame_000102_20260611_025027_837412.jpg,vandalism / perusakan fasilitas | abusive or violent behavior / perkelahian | theft / pencurian | restricted-area entry / masuk area terlarang | abandoned or unusual object / benda tertinggal atau asing | sudden abnormal movement / gerakan tidak wajar
2026-06-11T02:50:27,103,ANOMALY,0.101061,0.008264,0.000652,,0,,persistent abnormal visual/motion pattern,/Users/justindwinata/Documents/CCTV ANOMALY DETECT/hybrid_outputs/anomaly_frames/anomaly_frame_000103_20260611_025027_863157.jpg,vandalism / perusakan fasilitas | abusive or violent behavior / perkelahian | theft / pencurian | restricted-area entry / masuk area terlarang | abandoned or unusual object / benda tertinggal atau asing | sudden abnormal movement / gerakan tidak wajar
2026-06-11T02:50:27,104,ANOMALY,0.101084,0.008264,0.000908,,0,,persistent abnormal visual/motion pattern,/Users/justindwinata/Documents/CCTV ANOMALY DETECT/hybrid_outputs/anomaly_frames/anomaly_frame_000104_20260611_025027_889153.jpg,vandalism / perusakan fasilitas | abusive or violent behavior / perkelahian | theft / pencurian | restricted-area entry / masuk area terlarang | abandoned or unusual object / benda tertinggal atau asing | sudden abnormal movement / gerakan tidak wajar
2026-06-11T02:50:27,105,ANOMALY,0.098843,0.008073,0.001955,,0,,normal,/Users/justindwinata/Documents/CCTV ANOMALY DETECT/hybrid_outputs/anomaly_frames/anomaly_frame_000105_20260611_025027_917096.jpg,vandalism / perusakan fasilitas | abusive or violent behavior / perkelahian | theft / pencurian | restricted-area entry / masuk area terlarang | abandoned or unusual object / benda tertinggal atau asing | sudden abnormal movement / gerakan tidak wajar
2026-06-11T02:50:27,106,ANOMALY,0.096760,0.007908,0.001192,,0,,normal,/Users/justindwinata/Documents/CCTV ANOMALY DETECT/hybrid_outputs/anomaly_frames/anomaly_frame_000106_20260611_025027_943496.jpg,vandalism / perusakan fasilitas | abusive or violent behavior / perkelahian | theft / pencurian | restricted-area entry / masuk area terlarang | abandoned or unusual object / benda tertinggal atau asing | sudden abnormal movement / gerakan tidak wajar
